McD/SB,Category,Kind,Item,Energy(kcal),Fat(g),Carbohydrates(g),Fiber(g),Protein(g),Sodium(g)
SB,food,Bakery,Chonga Bagel,300,5.0,50,3.0,12,0.53
SB,food,Bakery,8-Grain Roll,380,6.0,70,7.0,10,0.43
SB,food,Bakery,Almond Croissant,410,22.0,45,3.0,10,0.39
SB,food,Bakery,Banana Nut Bread,420,22.0,52,2.0,6,0.32
SB,food,Bakery,Birthday Cake Pop,170,9.0,23,0.0,1,0.11
SB,food,Bakery,Blueberry Muffin,360,15.0,52,1.0,5,0.27
SB,food,Bakery,Blueberry Oat Cake,390,12.0,71,7.0,7,0.43
SB,food,Bakery,Blueberry Scone,420,17.0,61,2.0,5,0.35
SB,food,Bakery,Butter Croissant,240,12.0,28,1.0,5,0.32
SB,food,Bakery,Cheese Danish,320,16.0,36,1.0,8,0.4
SB,food,Bakery,Chocolate Cake Pop,160,8.0,23,1.0,2,0.08
SB,food,Bakery,Chocolate Chip Cookie,310,15.0,42,2.0,4,0.22
SB,food,Bakery,Chocolate Chip Cookie Dough Cake Pop,180,9.0,23,0.0,2,0.08
SB,food,Bakery,Chocolate Croissant,330,18.0,38,1.0,6,0.28
SB,food,Bakery,Cinnamon Raisin Bagel,270,1.0,58,3.0,9,0.37
SB,food,Bakery,Classic Coffee Cake,390,16.0,57,1.0,5,0.27
SB,food,Bakery,Confetti Sugar Cookie,410,21.0,54,0.0,4,0.22
SB,food,Bakery,Double Chocolate Chunk Brownie,490,28.0,55,3.0,7,0.22
SB,food,Bakery,Everybody's Favorite - Bantam Bagel (2 Pack),100,3.5,14,0.0,3,0.28
SB,food,Bakery,Everything Bagel with Cheese,290,3.5,53,2.0,11,0.45
SB,food,Bakery,French Toast - Bantam Bagels (2 Pack),200,8.0,30,0.0,6,0.36
SB,food,Bakery,Frosted Doughnut Cake Pop,390,23.0,45,1.0,4,0.14
SB,food,Bakery,Gluten-Free Marshmallow Dream Bar,240,5.0,45,0.0,2,0.22
SB,food,Bakery,Iced Lemon Loaf Cake,470,20.0,68,1.0,6,0.31
SB,food,Bakery,Morning Bun,420,22.0,46,1.0,9,0.44
SB,food,Bakery,Old-Fashioned Glazed Doughnut,480,27.0,56,1.0,5,0.41
SB,food,Bakery,Petite Vanilla Bean Scone,120,4.5,18,0.0,2,0.095
SB,food,Bakery,Plain Bagel,280,1.5,56,2.0,9,0.62
SB,food,Bakery,Pumpkin Bread,410,15.0,63,2.0,6,0.5
SB,food,Bakery,Pumpkin Cream Cheese Muffin,350,14.0,53,1.0,5,0.43
SB,food,Bakery,Pumpkin Scone,500,23.0,70,1.0,4,0.45
SB,food,Bakery,Sprouted Grain Vegan Bagel,330,6.0,57,7.0,12,0.49
SB,food,Bakery,Strawberry Cake Pop,180,9.0,23,0.0,2,0.08
SB,food,Bakery,The Classic - Bantam Bagels (2 Pack),200,8.0,28,0.0,6,0.27
SB,food,Salads,Cage-Free Eggs & Seasoned Grains Side Salad,360,18.0,33,3.0,17,0.46
SB,food,Salads,Cauliflower Tabbouleh Side Salad,130,12.0,7,3.0,2,0.52
SB,food,Cold Sandwiches,Chicken & Fig Spread,460,13.0,61,5.0,24,0.94
SB,food,Protein Boxes & Bowls,Farmers' Market Protein Box,470,29.0,29,4.0,21,0.88
SB,food,Salads,Garden Greens & Shaved Parmesan Side Salad,170,13.0,9,2.0,7,0.6
SB,food,Salads,Roasted Carrot & Kale Side Salad,440,26.0,44,7.0,10,0.4
SB,food,Cold Sandwiches,Roasted Turkey & Dill Havarti Sandwich,600,32.0,47,6.0,32,0.86
SB,food,Warm Sandwiches,Seasoned Turkey & Green Pepper Pico,390,18.0,30,5.0,28,0.9
SB,food,Yogurt & Custard,Strawberry & Toasted Almonds Overnight Grains,410,24.0,42,5.0,7,0.035
SB,food,Salads,Za'atar Chicken & Lemon Tahini Salad,570,23.0,67,11.0,27,0.88
SB,food,Protein Boxes & Bowls,Cheese & Fruit Protein Box,450,27.0,34,4.0,20,0.62
SB,food,Protein Boxes & Bowls,Creminelli Sopressata Monterey Jack Snack Tray,220,17.0,0,0.0,15,0.72
SB,food,Protein Boxes & Bowls,Eggs & Cheese Protein Box,460,24.0,40,5.0,23,0.54
SB,food,Protein Boxes & Bowls,PB&J Protein Box,520,26.0,53,5.0,20,0.57
SB,food,Soups,Chicken Quinoa Soup,120,3.5,10,1.0,13,0.0
SB,food,Soups,Organic Tomato Basil Soup,170,12.0,16,3.0,3,0.0
SB,food,Hot Breakfast,Bacon Gouda & Egg Breakfast Sandwich,370,19.0,32,1.0,18,0.78
SB,food,Hot Breakfast,Classic Whole-Grain Oatmeal,160,2.5,28,4.0,5,0.125
SB,food,Hot Breakfast,Ham & Cheese Croissant,320,17.0,28,1.0,14,0.49
SB,food,Hot Breakfast,Hearty Blueberry Oatmeal,220,2.5,43,5.0,5,0.125
SB,food,Hot Breakfast,Reduced-Fat Turkey Bacon & Cage Free Egg White Breakfast Sandwich,230,6.0,28,2.0,16,0.55
SB,food,Hot Breakfast,"Roasted Ham, Swiss & Egg Breakfast Sandwich",460,23.0,43,0.0,21,0.92
SB,food,Hot Breakfast,"Sausage, Cheddar & Egg Breakfast Sandwich",480,29.0,34,1.0,18,0.88
SB,food,Hot Breakfast,Sous Vide Egg Bites: Bacon & Gruyere,300,20.0,9,0.0,19,0.68
SB,food,Hot Breakfast,Sous Vide Egg Bites: Chicken Chorizo Tortilla,230,13.0,13,0.0,15,0.69
SB,food,Hot Breakfast,Sous Vide Egg Bites: Egg White & Red Pepper,170,7.0,13,1.0,13,0.5
SB,food,Hot Breakfast,"Sous Vide Egg Bites: Ham, Cheddar & Peppers",250,16.0,11,0.0,17,0.46
SB,food,Hot Breakfast,"Spicy Chorizo, Monterey Jack & Egg Breakfast Sandwich",470,24.0,36,0.0,24,0.95
SB,food,Hot Breakfast,"Spinach, Feta & Cage Free Egg White Breakfast Wrap",280,8.0,34,4.0,20,0.83
SB,food,Warm Sandwiches,Chicken Caprese,500,18.0,58,3.0,28,0.9
SB,food,Warm Sandwiches,Tomato & Mozzarella,350,13.0,42,3.0,15,0.58
SB,food,Warm Sandwiches,Avocado Spread,90,8.0,5,4.0,1,0.21
SB,food,Yogurt & Custard,Berry Trio Yogurt,240,2.5,39,3.0,14,0.125
SB,food,Yogurt & Custard,Fresh Blueberries and Honey Greek Yogurt Parfait,240,2.5,42,2.0,14,0.1
SB,food,Yogurt & Custard,Justin's Chocolate Hazelnut Butter,180,14.0,12,3.0,4,0.065
SB,food,Yogurt & Custard,Justin's Classic Almond Butter,190,18.0,6,3.0,7,0.0
SB,food,Yogurt & Custard,Lemon Chiffon Yogurt,340,13.0,38,0.0,18,0.09
SB,food,Yogurt & Custard,Mango & Coconut Yogurt Bowl,250,6.0,34,3.0,16,0.06
SB,food,Biscotti & Cookies,Foodstirs Sprinkle Mug Cake Mix,280,7.0,55,1.0,4,0.18
SB,food,Biscotti & Cookies,Dipped Madeleines,290,15.0,36,1.0,3,0.0
SB,food,Biscotti & Cookies,Madeleines,220,11.0,28,0.0,3,0.18
SB,food,Biscotti & Cookies,Vanilla Biscotti with Almonds,200,9.0,25,2.0,10,0.0
SB,food,Biscotti & Cookies,Shortbread Cookies,170,9.0,21,1.0,8,0.0
SB,food,Biscotti & Cookies,Dark Chocolate Grahams (2 Pack),140,8.0,18,2.0,2,0.03
SB,food,Biscotti & Cookies,Emmy's Coconut Vanilla Cookie,300,24.0,24,6.0,3,0.0
SB,food,Biscotti & Cookies,Rip Van Wafel - Snickerdoodle,130,6.0,19,8.0,1,0.065
SB,food,Biscotti & Cookies,Emmy's Dark Cocoa Cookie,300,24.0,24,6.0,3,0.015
SB,food,Biscotti & Cookies,Goodie Girl Mint Slims,150,9.0,18,2.0,2,0.12
SB,food,Biscotti & Cookies,Pumpkin Spice Madeleines,250,11.0,33,1.0,3,0.125
SB,food,Biscotti & Cookies,Rip Van Wafels - Honey & Oats,130,6.0,19,0.0,1,0.065
SB,food,Biscotti & Cookies,Goodie Girl Sandwich Cookies,170,6.0,28,1.0,1,0.15
SB,food,Chocolates & Candy,Wild Ophelia Birthday Cake Bar,310,19.0,33,0.0,3,0.04
SB,food,Chocolates & Candy,Prosecco Lollipop,70,0.0,18,0.0,0,0.0
SB,food,Chocolates & Candy,Strawberry Bear YoYos,60,0.0,13,2.0,0,0.0
SB,food,Chocolates & Candy,Salted Almond Chocolate Bites,300,22.0,24,4.0,7,0.2
SB,food,Chocolates & Candy,"Charles Chocolates - Caramelized Crisp Rice Bar, Bittersweet",180,14.0,18,3.0,2,0.0
SB,food,Chocolates & Candy,Bissinger's Gummy Pandas Blackberry Hibiscus,130,0.0,29,0.0,3,0.02
SB,food,Chocolates & Candy,Charles Chocolates √ Toffee Coffee Bar,200,14.0,19,2.0,2,0.02
SB,food,Chocolates & Candy,Bissinger's Gummy Pandas Raspberry Yumberry,130,0.0,29,0.0,3,0.02
SB,food,Chocolates & Candy,Droga Money on Honey Caramels,180,9.0,27,1.0,1,0.14
SB,food,Chocolates & Candy,Justin's - Dark Chocolate Peanut Butter Cups,210,14.0,21,1.0,4,0.12
SB,food,Fruit & Nuts,Banana,110,0.0,27,3.0,1,0.0
SB,food,Fruit & Nuts,Orange,90,0.0,25,4.0,0,0.0
SB,food,Fruit & Nuts,Seasonal Fruit Blend,90,0.0,24,4.0,1,0.0
SB,food,Fruit & Nuts,Squirrel - Fruit & Nut,200,12.0,23,3.0,4,0.1
SB,food,Fruit & Nuts,Squirrel - Classic Almonds,260,23.0,8,5.0,9,0.17
SB,food,Fruit & Nuts,Squirrel - Creme Brelee Almonds,240,16.0,16,3.0,8,0.165
SB,food,Fruit & Nuts,BarNana - Peanut Butter Chewy Banana Bites,180,8.0,25,2.0,3,0.11
SB,food,Fruit & Nuts,Peter Rabbit Organics - Apple & Grape,100,0.0,26,1.0,9,0.01
SB,food,Fruit & Nuts,Peter Rabbit Organics - Strawberry Banana,80,0.0,18,2.0,1,0.0
SB,food,Fruit & Nuts,Strawberry Bear YoYos,60,0.0,13,2.0,0,0.0
SB,food,Popcorn & Chips,Tortilla Chips,310,19.0,32,3.0,3,0.32
SB,food,Popcorn & Chips,BBQ Chips,270,13.0,35,2.0,5,0.41
SB,food,Popcorn & Chips,Butter Gourmet Popcorn,150,7.0,18,3.0,2,0.24
SB,food,Popcorn & Chips,Hippie Snacks Sesame Snap Coconut Clusters,120,9.0,8,3.0,2,0.045
SB,food,Popcorn & Chips,Hippeas - Far Out Fajita,100,4.0,14,3.0,3,0.115
SB,food,Popcorn & Chips,Hippeas - White Cheddar,100,4.0,14,3.0,3,0.115
SB,food,Popcorn & Chips,Kettle Corn,130,5.0,21,3.0,2,0.13
SB,food,Popcorn & Chips,POP! - Sunflower Oil & Sea Salt,150,8.0,17,3.0,3,0.63
SB,food,Popcorn & Chips,Salt & Vinegar Kettle Chips,270,13.0,34,5.0,2,0.64
SB,food,Popcorn & Chips,Rhythm Super Foods Kale Chips - Sea Salt,130,10.0,8,4.0,5,0.25
SB,food,Popcorn & Chips,Simply Salted Kettle Chips,280,14.0,34,2.0,5,0.24
SB,food,Popcorn & Chips,Sweet Potato Kettle Chips,300,18.0,33,5.0,3,0.14
SB,food,Meat & Cheese,Creminelli Sopressata Monterey Jack Snack Tray,220,17.0,0,0.0,15,0.72
SB,food,Meat & Cheese,Country Archer √ Hickory Smoked Turkey Jerky,70,1.0,5,0.0,10,0.33
SB,food,Meat & Cheese,Country Archer √ Original Beef Jerky,70,1.0,5,0.0,11,0.33
SB,food,Meat & Cheese,Moon Cheese - Cheddar,70,5.0,1,0.0,5,0.0
SB,food,Meat & Cheese,Babybel Mini Cheese Snack,70,6.0,0,0.0,5,0.16
SB,food,Meat & Cheese,String Cheese,80,6.0,1,0.0,7,0.2
SB,food,Snack Bars,Dark Chocolate Chip Peanut Butter Perfect Bar,320,19.0,25,3.0,15,0.11
SB,food,Snack Bars,Perfect Bar - Peanut Butter,330,18.0,26,4.0,17,0.06
SB,food,Snack Bars,Good Squared - Urban Trail,130,7.0,15,2.0,4,0.0
SB,food,Snack Bars,KIND - Almond Coconut Cashew Chai,200,14.0,18,3.0,5,0.015
SB,food,Snack Bars,KIND Peanut Butter Dark Chocolate,200,13.0,17,2.5,7,0.04
SB,food,Snack Bars,That's It - Apple & Blueberry Bar,100,0.0,26,4.0,1,0.025
SB,food,Snack Bars,That's It - Apple & Mango Bar,100,0.0,27,3.0,0,0.025
SB,food,Snack Bars,This Bar Saves Lives √ Dark Chocolate Cherry & Sea Salt Bar,160,6.0,26,6.0,3,0.07
SB,food,Snack Bars,This Bar Saves Lives √ Dark Chocolate Peanut Butter & Sea Salt Bar,190,10.0,22,6.0,4,0.11
SB,food,Snack Bars,"This Bar Saves Lives √ Madagascar Vanilla, Almond & Honey Bar",180,9.0,22,7.0,4,0.07
SB,food,Snack Bars,Blueberry & Oatmeal Jammy Sammy,110,3.5,20,1.0,2,0.04
SB,food,Snack Bars,This Bar Saves Lives √ Wild Blueberry Pistachio Bar,160,7.0,24,7.0,4,0.08
SB,food,Snack Bars,Chocolate Chip Kids Clif ZBar,130,3.5,24,3.0,5,0.1
SB,drink,Cold Drinks,Cool Lime Starbucks Refreshers Beverage,45,0.0,11,0.0,0,0.01
SB,drink,Cold Drinks,Strawberry Acai Starbucks Refreshers Beverage,80,0.0,18,1.0,0,0.01
SB,drink,Cold Drinks,Vegan Superberry Aeae,340,12.0,55,8.0,6,0.14
SB,drink,Cold Drinks,Very Berry Hibiscus Starbucks Refreshers Beverage,60,0.0,14,1.0,0,0.01
SB,drink,Cold Drinks,Evolution FreshOrganic Ginger Limeade,110,0.0,28,0.0,0,0.005
SB,drink,Cold Drinks,Iced Espresso Classics - Vanilla Latte,130,2.5,21,0.0,5,0.065
SB,drink,Cold Drinks,Iced Espresso Classics - Caffe Mocha,140,2.5,23,0.0,5,0.09
SB,drink,Cold Drinks,Iced Espresso Classics - Caramel Macchiato,130,2.5,21,0.0,5,0.065
SB,drink,Cold Drinks,Shaken Sweet Tea,80,0.0,19,0.0,0,0.01
SB,drink,Cold Drinks,Tazoб Bottled Berry Blossom White,60,0.0,15,0.0,0,0.01
SB,drink,Cold Drinks,Tazoб Bottled Black Mango,150,0.0,38,0.0,0,0.015
SB,drink,Cold Drinks,Tazoб Bottled Black with Lemon,140,0.0,35,0.0,0,0.01
SB,drink,Cold Drinks,Tazoб Bottled Brambleberry,140,0.0,35,0.0,0,0.015
SB,drink,Cold Drinks,Tazoб Bottled Giant Peach,150,0.0,37,0.0,0,0.015
SB,drink,Cold Drinks,Tazoб Bottled Iced Passion,70,0.0,17,0.0,0,0.01
SB,drink,Cold Drinks,Tazoб Bottled Lemon Ginger,120,0.0,31,0.0,0,0.01
SB,drink,Cold Drinks,Tazoб Bottled Organic Black Lemonade,140,0.0,35,0.0,0,0.01
SB,drink,Cold Drinks,Tazoб Bottled Organic Iced Black Tea,60,0.0,15,0.0,0,0.01
SB,drink,Cold Drinks,Tazoб Bottled Organic Iced Green Tea,120,0.0,31,0.0,0,0.01
SB,drink,Cold Drinks,Tazoб Bottled Plum Pomegranate,140,0.0,35,0.0,0,0.01
SB,drink,Cold Drinks,Tazoб Bottled Tazoberry,150,0.0,38,0.0,0,0.015
SB,drink,Cold Drinks,Tazoб Bottled White Cranberry,140,0.0,35,0.0,0,0.01
SB,drink,Cold Drinks,Teavanaб Shaken Iced Black Tea,30,0.0,8,0.0,0,0.005
SB,drink,Cold Drinks,Teavanaб Shaken Iced Black Tea Lemonade,70,0.0,17,0.0,0,0.0
SB,drink,Cold Drinks,Teavanaб Shaken Iced Green Tea,30,0.0,8,0.0,0,0.005
SB,drink,Cold Drinks,Teavanaб Shaken Iced Green Tea Lemonade,70,0.0,17,0.0,0,0.005
SB,drink,Cold Drinks,Teavanaб Shaken Iced Passion Tango Tea,30,0.0,8,0.0,0,0.005
SB,drink,Cold Drinks,Teavanaб Shaken Iced Passion Tango Tea Lemonade,90,0.0,24,0.0,0,0.0
SB,drink,Cold Drinks,Teavanaб Shaken Iced Peach Green Tea,60,0.0,15,0.0,0,0.0
SB,drink,Cold Drinks,Iced Espresso Classics - Vanilla Latte,130,2.5,21,0.0,5,0.065
SB,drink,Cold Drinks,Iced Espresso Classics - Caffe Mocha,140,2.5,23,0.0,5,0.09
SB,drink,Cold Drinks,Iced Espresso Classics - Caramel Macchiato,130,2.5,21,0.0,5,0.065
SB,drink,Cold Drinks,Starbucks Refreshers Raspberry Pomegranate,90,0.0,27,0.0,0,0.0
SB,drink,Cold Drinks,Starbucks RefreshersStrawberry Lemonade,90,0.0,27,0.0,0,0.0
SB,drink,Cold Drinks,Starbucks Doubleshot Protein Dark Chocolate,210,2.5,33,2.0,20,0.115
SB,drink,Cold Drinks,Starbucks Doubleshot Protein Vanilla,200,2.5,34,2.0,20,0.12
SB,drink,Cold Drinks,Starbucks Iced Coffee Caramel,60,0.0,13,0.0,1,0.0
SB,drink,Cold Drinks,Starbucks Iced Coffee Light Sweetened,50,0.0,11,0.0,1,0.0
SB,drink,Cold Drinks,Starbucks Iced Coffee Unsweetened,10,0.0,2,0.0,1,0.0
SB,drink,Hot Drinks,Blonde Roast,5,0.0,0,0.0,1,0.01
SB,drink,Hot Drinks,Clover Brewed Coffee,10,0.0,0,0.0,1,0.01
SB,drink,Cold Drinks,Cold Brew with Cold Foam,35,0.0,7,0.0,2,0.03
SB,drink,Cold Drinks,Cold Brew with Salted Cream Cold Foam,230,14.0,23,0.0,2,0.33
SB,drink,Hot Drinks,Decaf Pike Place Roast,5,0.0,0,0.0,1,0.01
SB,drink,Hot Drinks,Featured Dark Roast,5,0.0,0,0.0,1,0.01
SB,drink,Cold Drinks,Starbucks Cold Brew Coffee,5,0.0,0,0.0,0,0.015
SB,drink,Cold Drinks,Nitro Cold Brew,5,0.0,0,0.0,0,0.01
SB,drink,Cold Drinks,Nitro Cold Brew with Cascara Cold Foam,80,0.0,18,0.0,2,0.03
SB,drink,Cold Drinks,Nitro Cold Brew with Sweet Cream,70,5.0,5,0.0,1,0.02
SB,drink,Hot Drinks,Pike Place Roast,5,0.0,0,0.0,1,0.01
SB,drink,Cold Drinks,Pumpkin Cream Cold Brew,250,12.0,31,0.0,3,0.055
SB,drink,Cold Drinks,Vanilla Sweet Cream Cold Brew,110,6.0,14,0.0,1,0.025
SB,drink,Hot Drinks,Hot Chocolate,320,9.0,47,4.0,14,0.16
SB,drink,Hot Drinks,Starbucks Signature Hot Chocolate,430,26.0,45,5.0,12,0.115
SB,drink,Hot Drinks,Caffe Latte,190,7.0,19,0.0,13,0.17
SB,drink,Hot Drinks,Caffe Mocha,290,8.0,42,4.0,13,0.14
SB,drink,Hot Drinks,Cappuccino,120,4.0,12,0.0,8,0.1
SB,drink,Hot Drinks,Caramel Macchiato,250,7.0,35,0.0,10,0.15
SB,drink,Hot Drinks,Cinnamon Dolce Latte,260,6.0,40,0.0,11,0.15
SB,drink,Cold Drinks,Coconutmilk Mocha Macchiato,250,9.0,32,0.0,12,0.18
SB,drink,Cold Drinks,Flat White,180,7.0,18,0.0,12,0.16
SB,drink,Cold Drinks,Iced Caffe Latte,130,4.5,13,0.0,8,0.115
SB,drink,Cold Drinks,Iced Caffe Mocha,230,6.0,36,4.0,9,0.09
SB,drink,Cold Drinks,Iced Caramel Macchiato,250,7.0,37,0.0,10,0.15
SB,drink,Cold Drinks,Iced Cinnamon Dolce Latte,200,4.0,34,0.0,7,0.095
SB,drink,Cold Drinks,Iced Coconutmilk Mocha Macchiato,260,9.0,34,0.0,11,0.18
SB,drink,Cold Drinks,Iced Vanilla Latte,190,4.0,30,0.0,7,0.1
SB,drink,Cold Drinks,Iced White Chocolate Mocha,300,8.0,47,0.0,10,0.19
SB,drink,Hot Drinks,Latte Macchiato,190,7.0,19,0.0,12,0.16
SB,drink,Hot Drinks,Latte Macchiato,190,7.0,19,0.0,12,0.16
SB,drink,Hot Drinks,Starbucks Doubleshot on Ice Beverage,45,1.0,5,0.0,3,0.04
SB,drink,Cold Drinks,Vanilla Latte,250,6.0,37,0.0,12,0.15
SB,drink,Hot Drinks,White Chocolate Mocha,360,11.0,53,0.0,14,0.24
SB,drink,Cold Drinks,Cinnamon Dolce Frappuccino Blended Coffee,350,4.5,64,0.0,15,0.0
SB,drink,Cold Drinks,Coffee Light Frappuccino Blended Coffee,110,0.0,24,0.0,3,0.2
SB,drink,Cold Drinks,Mocha Frappuccino Blended Coffee,280,2.5,60,2.0,4,0.22
SB,drink,Cold Drinks,Mocha Light Frappuccino Blended Coffee,140,0.5,28,1.0,4,0.18
SB,drink,Hot Drinks,Cinnamon Dolce Creme,200,6.0,28,0.0,10,0.135
SB,drink,Hot Drinks,Vanilla Creme,200,6.0,28,0.0,10,0.135
SB,drink,Cold Drinks,Chocolate Smoothie,320,5.0,53,8.0,20,0.17
SB,drink,Cold Drinks,Strawberry Smoothie,300,2.0,60,7.0,16,0.13
McD,food,Hot Breakfast,Egg McMuffin,300,13.0,31,4.0,17,0.75
McD,food,Hot Breakfast,Egg White Delight,250,8.0,30,4.0,18,0.77
McD,food,Hot Breakfast,Sausage McMuffin,370,23.0,29,4.0,14,0.78
McD,food,Hot Breakfast,Sausage McMuffin with Egg,450,28.0,30,4.0,21,0.86
McD,food,Hot Breakfast,Sausage McMuffin with Egg Whites,400,23.0,30,4.0,21,0.88
McD,food,Hot Breakfast,Steak & Egg McMuffin,430,23.0,31,4.0,26,0.96
McD,food,Hot Big Breakfast,Hotcakes,350,9.0,60,3.0,8,0.59
McD,food,Hot Big Breakfast,Hotcakes and Sausage,520,24.0,61,3.0,15,0.93
McD,food,Sandwiches,Sausage Burrito,300,16.0,26,1.0,12,0.79
McD,food,Sandwiches,Hash Brown,150,9.0,15,2.0,1,0.31
McD,food,Sandwiches,Cinnamon Melts,460,19.0,66,3.0,6,0.37
McD,food,Hot Breakfast,Fruit & Maple Oatmeal,290,4.0,58,5.0,5,0.16
McD,food,Hot Breakfast,Fruit & Maple Oatmeal without Brown Sugar,260,4.0,49,5.0,5,0.115
McD,food,Burgers,Big Mac,530,27.0,47,3.0,24,0.96
McD,food,Burgers,Quarter Pounder Deluxe,540,27.0,45,3.0,29,0.96
McD,food,Burgers,Hamburger,240,8.0,32,1.0,12,0.48
McD,food,Burgers,Cheeseburger,290,11.0,33,2.0,15,0.68
McD,food,Burgers,McDouble,380,17.0,34,2.0,22,0.84
McD,food,Burgers,Daily Double,430,22.0,34,2.0,22,0.76
McD,food,Burgers,McRib,500,26.0,44,3.0,22,0.98
McD,food,Sandwiches,Premium Crispy Chicken Classic Sandwich,510,22.0,55,3.0,24,0.99
McD,food,Sandwiches,Premium Grilled Chicken Classic Sandwich,350,9.0,42,3.0,28,0.82
McD,food,Sandwiches,Southern Style Crispy Chicken Sandwich,430,19.0,43,2.0,21,0.91
McD,food,Burgers,McChicken,360,16.0,40,2.0,14,0.8
McD,food,Burgers,Buffalo Ranch McChicken,360,16.0,40,2.0,14,0.99
McD,food,Burgers,Chicken McNuggets (4 piece),190,12.0,12,1.0,9,0.36
McD,food,Burgers,Chicken McNuggets (6 piece),280,18.0,18,1.0,13,0.54
McD,food,Burgers,Chicken McNuggets (10 piece),470,30.0,30,2.0,22,0.9
McD,food,Burgers,Filet-O-Fish,390,19.0,39,2.0,15,0.59
McD,food,Salads,Premium Bacon Ranch Salad (without Chicken),140,7.0,10,3.0,9,0.3
McD,food,Salads,Premium Bacon Ranch Salad with Crispy Chicken,380,21.0,22,2.0,25,0.86
McD,food,Salads,Premium Bacon Ranch Salad with Grilled Chicken,220,8.0,8,2.0,29,0.69
McD,food,Salads,Premium Southwest Salad (without Chicken),140,4.5,20,6.0,6,0.15
McD,food,Salads,Premium Southwest Salad with Crispy Chicken,450,22.0,42,7.0,23,0.85
McD,food,Salads,Premium Southwest Salad with Grilled Chicken,290,8.0,28,7.0,27,0.68
McD,food,Salads,Side Salad,20,0.0,4,1.0,1,0.01
McD,food,Chiken Snacks,Chipotle BBQ Snack Wrap (Crispy Chicken),340,15.0,37,1.0,14,0.78
McD,food,Chiken Snacks,Chipotle BBQ Snack Wrap (Grilled Chicken),260,8.0,30,1.0,16,0.7
McD,food,Chiken Snacks,Honey Mustard Snack Wrap (Crispy Chicken),330,15.0,34,1.0,14,0.73
McD,food,Chiken Snacks,Honey Mustard Snack Wrap (Grilled Chicken),250,8.0,27,1.0,16,0.65
McD,food,Chiken Snacks,Ranch Snack Wrap (Crispy Chicken),360,20.0,32,1.0,15,0.81
McD,food,Chiken Snacks,Ranch Snack Wrap (Grilled Chicken),280,13.0,25,1.0,16,0.72
McD,food,Chiken Snacks,Small French Fries,230,11.0,30,2.0,2,0.13
McD,food,Chiken Snacks,Medium French Fries,340,16.0,44,4.0,4,0.19
McD,food,Chiken Snacks,Large French Fries,510,24.0,67,5.0,6,0.29
McD,food,Chiken Snacks,Kids French Fries,110,5.0,15,1.0,1,0.065
McD,food,Sweets/Desserts,Apple Slices,15,0.0,4,0.0,0,0.0
McD,food,Sweets/Desserts,Fruit 'n Yogurt Parfait,150,2.0,30,1.0,4,0.07
McD,food,Sweets/Desserts,Baked Apple Pie,250,13.0,32,4.0,2,0.17
McD,food,Sweets/Desserts,Chocolate Chip Cookie,160,8.0,21,1.0,2,0.09
McD,food,Sweets/Desserts,Oatmeal Raisin Cookie,150,6.0,22,1.0,2,0.135
McD,food,Sweets/Desserts,Kids Ice Cream Cone,45,1.5,7,0.0,1,0.02
McD,food,Sweets/Desserts,Hot Fudge Sundae,330,9.0,53,1.0,8,0.17
McD,food,Sweets/Desserts,Hot Caramel Sundae,340,8.0,60,0.0,7,0.15
McD,food,Sweets/Desserts,Strawberry Sundae,280,6.0,49,0.0,6,0.085
McD,food,Sweets/Snacks,McFlurry with M&M▓s Candies (Small),650,23.0,96,1.0,13,0.18
McD,food,Sweets/Snacks,McFlurry with M&M▓s Candies (Medium),930,33.0,139,2.0,20,0.26
McD,food,Sweets/Snacks,McFlurry with M&M▓s Candies (Snack),430,15.0,64,1.0,9,0.12
McD,food,Sweets/Snacks,McFlurry with Oreo Cookies (Small),510,17.0,80,1.0,12,0.28
McD,food,Sweets/Snacks,McFlurry with Oreo Cookies (Medium),690,23.0,106,1.0,15,0.38
McD,food,Sweets/Snacks,McFlurry with Oreo Cookies (Snack),340,11.0,53,1.0,8,0.19
McD,food,Sweets/Snacks,McFlurry with Reese's Peanut Butter Cups (Medium),810,32.0,114,2.0,21,0.4
McD,food,Sweets/Snacks,McFlurry with Reese's Peanut Butter Cups (Snack),410,16.0,57,1.0,10,0.2
McD,drink,Cold Drinks,Coca-Cola Classic (Small),140,0.0,39,0.0,0,0.0
McD,drink,Cold Drinks,Coca-Cola Classic (Medium),200,0.0,55,0.0,0,0.005
McD,drink,Cold Drinks,Coca-Cola Classic (Large),280,0.0,76,0.0,0,0.005
McD,drink,Cold Drinks,Coca-Cola Classic (Child),100,0.0,28,0.0,0,0.0
McD,drink,Cold Drinks,Diet Coke (Small),0,0.0,0,0.0,0,0.01
McD,drink,Cold Drinks,Diet Coke (Medium),0,0.0,0,0.0,0,0.02
McD,drink,Cold Drinks,Diet Coke (Large),0,0.0,0,0.0,0,0.035
McD,drink,Cold Drinks,Diet Coke (Child),0,0.0,0,0.0,0,0.015
McD,drink,Cold Drinks,Dr Pepper (Small),140,0.0,37,0.0,0,0.045
McD,drink,Cold Drinks,Dr Pepper (Medium),190,0.0,53,0.0,0,0.065
McD,drink,Cold Drinks,Dr Pepper (Large),270,0.0,72,0.0,0,0.09
McD,drink,Cold Drinks,Dr Pepper (Child),100,0.0,27,0.0,0,0.03
McD,drink,Cold Drinks,Diet Dr Pepper (Small),0,0.0,0,0.0,2,0.07
McD,drink,Cold Drinks,Diet Dr Pepper (Medium),0,0.0,0,0.0,3,0.1
McD,drink,Cold Drinks,Diet Dr Pepper (Large),0,0.0,0,0.0,4,0.14
McD,drink,Cold Drinks,Diet Dr Pepper (Child),0,0.0,0,0.0,1,0.05
McD,drink,Cold Drinks,Sprite (Small),140,0.0,37,0.0,0,0.03
McD,drink,Cold Drinks,Sprite (Medium),200,0.0,54,0.0,0,0.045
McD,drink,Cold Drinks,Sprite (Large),280,0.0,74,0.0,0,0.06
McD,drink,Cold Drinks,Sprite (Child),100,0.0,27,0.0,0,0.025
McD,drink,Cold Drinks,1% Low Fat Milk Jug,100,2.5,12,0.0,8,0.125
McD,drink,Cold Drinks,Fat Free Chocolate Milk Jug,130,0.0,23,1.0,9,0.135
McD,drink,Cold Drinks,Minute Maid 100% Apple Juice Box,80,0.0,21,0.0,0,0.015
McD,drink,Cold Drinks,Minute Maid Orange Juice (Small),150,0.0,34,0.0,2,0.0
McD,drink,Cold Drinks,Minute Maid Orange Juice (Medium),190,0.0,44,0.0,3,0.0
McD,drink,Cold Drinks,Minute Maid Orange Juice (Large),280,0.0,65,0.0,4,0.005
McD,drink,Cold Drinks,Iced Tea (Small),0,0.0,0,0.0,0,0.01
McD,drink,Cold Drinks,Iced Tea (Medium),0,0.0,0,0.0,0,0.01
McD,drink,Cold Drinks,Iced Tea (Large),0,0.0,0,0.0,0,0.015
McD,drink,Cold Drinks,Iced Tea (Child),0,0.0,0,0.0,0,0.005
McD,drink,Hot Drinks,Sweet Tea (Small),150,0.0,36,0.0,1,0.01
McD,drink,Hot Drinks,Sweet Tea (Medium),180,0.0,45,0.0,1,0.01
McD,drink,Hot Drinks,Sweet Tea (Large),220,0.0,54,0.0,1,0.01
McD,drink,Hot Drinks,Sweet Tea (Child),110,0.0,27,0.0,0,0.005
McD,drink,Hot Drinks,Latte (Small),170,9.0,15,1.0,9,0.115
McD,drink,Hot Drinks,Latte (Medium),210,10.0,18,1.0,11,0.14
McD,drink,Hot Drinks,Latte (Large),280,14.0,24,1.0,15,0.18
McD,drink,Hot Drinks,Caramel Latte (Small),270,9.0,40,1.0,9,0.115
McD,drink,Hot Drinks,Caramel Latte (Medium),340,10.0,50,1.0,11,0.14
McD,drink,Hot Drinks,Caramel Latte (Large),430,14.0,62,1.0,15,0.18
McD,drink,Hot Drinks,Hazelnut Latte (Small),270,9.0,40,1.0,9,0.115
McD,drink,Hot Drinks,Hazelnut Latte (Medium),330,10.0,50,1.0,11,0.14
McD,drink,Hot Drinks,Hazelnut Latte (Large),430,14.0,62,1.0,15,0.18
McD,drink,Hot Drinks,French Vanilla Latte (Small),260,9.0,38,1.0,9,0.115
McD,drink,Hot Drinks,French Vanilla Latte (Medium),330,10.0,48,1.0,11,0.14
McD,drink,Hot Drinks,French Vanilla Latte (Large),420,14.0,60,1.0,15,0.19
McD,drink,Hot Drinks,Latte with Sugar Free French Vanilla Syrup (Small),210,9.0,24,1.0,9,0.15
McD,drink,Hot Drinks,Latte with Sugar Free French Vanilla Syrup (Medium),260,10.0,29,1.0,12,0.19
McD,drink,Hot Drinks,Latte with Sugar Free French Vanilla Syrup (Large),330,14.0,37,2.0,15,0.24
McD,drink,Hot Drinks,Nonfat Latte (Small),100,0.0,15,1.0,10,0.11
McD,drink,Hot Drinks,Nonfat Latte (Medium),130,0.0,19,1.0,12,0.135
McD,drink,Hot Drinks,Nonfat Latte (Large),170,0.5,25,1.0,16,0.18
McD,drink,Hot Drinks,Nonfat Caramel Latte (Small),200,0.0,41,1.0,10,0.11
McD,drink,Hot Drinks,Nonfat Caramel Latte (Medium),250,0.0,51,1.0,12,0.135
McD,drink,Hot Drinks,Nonfat Caramel Latte (Large),310,0.5,63,1.0,16,0.18
McD,drink,Hot Drinks,Nonfat Hazelnut Latte (Small),200,0.0,40,1.0,10,0.11
McD,drink,Hot Drinks,Nonfat Hazelnut Latte (Medium),250,0.0,51,1.0,12,0.135
McD,drink,Hot Drinks,Nonfat Hazelnut Latte (Large),310,0.5,63,1.0,16,0.18
McD,drink,Hot Drinks,Nonfat French Vanilla Latte (Small),190,0.0,39,1.0,10,0.115
McD,drink,Hot Drinks,Nonfat French Vanilla Latte (Medium),240,0.0,49,1.0,12,0.14
McD,drink,Hot Drinks,Nonfat French Vanilla Latte (Large),300,0.5,60,1.0,16,0.18
McD,drink,Hot Drinks,Nonfat Latte with Sugar Free French Vanilla Syrup (Small),140,0.0,24,1.0,10,0.15
McD,drink,Hot Drinks,Nonfat Latte with Sugar Free French Vanilla Syrup (Medium),170,0.0,30,1.0,12,0.18
McD,drink,Hot Drinks,Nonfat Latte with Sugar Free French Vanilla Syrup (Large),220,0.5,38,2.0,16,0.24
McD,drink,Hot Drinks,Mocha (Small),340,11.0,49,2.0,10,0.15
McD,drink,Hot Drinks,Mocha (Medium),410,14.0,60,2.0,13,0.19
McD,drink,Hot Drinks,Mocha (Large),500,17.0,72,2.0,16,0.24
McD,drink,Hot Drinks,Mocha with Nonfat Milk (Small),270,3.5,49,2.0,11,0.15
McD,drink,Hot Drinks,Mocha with Nonfat Milk (Medium),330,3.5,60,2.0,13,0.19
McD,drink,Hot Drinks,Mocha with Nonfat Milk (Large),390,4.0,73,2.0,17,0.24
McD,drink,Hot Drinks,Caramel Mocha (Small),320,11.0,45,1.0,10,0.17
McD,drink,Hot Drinks,Caramel Mocha (Medium),390,14.0,55,1.0,12,0.22
McD,drink,Hot Drinks,Caramel Mocha (Large),480,17.0,66,1.0,16,0.27
McD,drink,Hot Drinks,Nonfat Caramel Mocha (Small),250,3.5,45,1.0,10,0.17
McD,drink,Hot Drinks,Nonfat Caramel Mocha (Medium),310,3.5,56,1.0,13,0.21
McD,drink,Hot Drinks,Nonfat Caramel Mocha (Large),370,3.5,67,1.0,17,0.27
McD,drink,Hot Drinks,Hot Chocolate (Small),360,13.0,50,1.0,11,0.18
McD,drink,Hot Drinks,Hot Chocolate (Medium),440,16.0,61,1.0,14,0.22
McD,drink,Hot Drinks,Hot Chocolate (Large),540,20.0,73,1.0,17,0.28
McD,drink,Hot Drinks,Hot Chocolate with Nonfat Milk (Small),280,3.5,50,1.0,12,0.18
McD,drink,Hot Drinks,Hot Chocolate with Nonfat Milk (Medium),340,3.5,61,1.0,14,0.22
McD,drink,Hot Drinks,Hot Chocolate with Nonfat Milk (Large),400,3.5,74,1.0,19,0.28
McD,drink,Cold Drinks,Regular Iced Coffee (Small),140,4.5,23,0.0,1,0.035
McD,drink,Cold Drinks,Regular Iced Coffee (Medium),190,7.0,31,0.0,1,0.05
McD,drink,Cold Drinks,Regular Iced Coffee (Large),270,9.0,47,0.0,2,0.075
McD,drink,Cold Drinks,Caramel Iced Coffee (Small),130,4.5,22,0.0,1,0.035
McD,drink,Cold Drinks,Caramel Iced Coffee (Medium),180,7.0,29,0.0,1,0.05
McD,drink,Cold Drinks,Caramel Iced Coffee (Large),260,9.0,43,0.0,2,0.065
McD,drink,Cold Drinks,Hazelnut Iced Coffee (Small),130,4.5,21,0.0,1,0.035
McD,drink,Cold Drinks,Hazelnut Iced Coffee (Medium),180,7.0,29,0.0,1,0.05
McD,drink,Cold Drinks,Hazelnut Iced Coffee (Large),250,9.0,43,0.0,2,0.075
McD,drink,Cold Drinks,French Vanilla Iced Coffee (Small),120,4.5,20,0.0,1,0.04
McD,drink,Cold Drinks,French Vanilla Iced Coffee (Medium),170,7.0,27,0.0,1,0.055
McD,drink,Cold Drinks,French Vanilla Iced Coffee (Large),240,9.0,41,0.0,2,0.08
McD,drink,Cold Drinks,Iced Coffee with Sugar Free French Vanilla Syrup (Small),80,4.5,9,0.0,1,0.065
McD,drink,Cold Drinks,Iced Coffee with Sugar Free French Vanilla Syrup (Medium),120,7.0,12,0.0,1,0.09
McD,drink,Cold Drinks,Iced Coffee with Sugar Free French Vanilla Syrup (Large),160,9.0,18,0.0,2,0.135
McD,drink,Cold Drinks,Iced Mocha (Small),290,11.0,41,1.0,8,0.125
McD,drink,Cold Drinks,Iced Mocha (Medium),350,13.0,50,1.0,9,0.15
McD,drink,Cold Drinks,Iced Mocha (Large),480,16.0,70,2.0,14,0.22
McD,drink,Cold Drinks,Iced Mocha with Nonfat Milk (Small),240,5.0,41,1.0,8,0.125
McD,drink,Cold Drinks,Iced Mocha with Nonfat Milk (Medium),290,5.0,50,1.0,10,0.15
McD,drink,Cold Drinks,Iced Mocha with Nonfat Milk (Large),390,6.0,71,2.0,14,0.22
McD,drink,Cold Drinks,Iced Caramel Mocha (Small),280,11.0,38,0.0,8,0.14
McD,drink,Cold Drinks,Iced Caramel Mocha (Medium),340,13.0,46,1.0,9,0.17
McD,drink,Cold Drinks,Iced Caramel Mocha (Large),460,16.0,65,1.0,13,0.25
McD,drink,Cold Drinks,Iced Nonfat Caramel Mocha (Small),230,5.0,38,0.0,8,0.14
McD,drink,Cold Drinks,Iced Nonfat Caramel Mocha (Medium),270,5.0,47,1.0,10,0.17
McD,drink,Cold Drinks,Iced Nonfat Caramel Mocha (Large),370,6.0,65,1.0,14,0.25
McD,drink,Cold Drinks,Frappe Mocha (Small),450,18.0,65,1.0,7,0.125
McD,drink,Cold Drinks,Frappe Mocha (Medium),550,22.0,80,1.0,9,0.16
McD,drink,Cold Drinks,Frappe Mocha (Large),670,26.0,98,1.0,11,0.19
McD,drink,Cold Drinks,Frappe Caramel (Small),450,19.0,64,0.0,7,0.125
McD,drink,Cold Drinks,Frappe Caramel (Medium),550,23.0,79,0.0,9,0.16
McD,drink,Cold Drinks,Frappe Caramel (Large),670,27.0,96,0.0,11,0.19
McD,drink,Cold Drinks,Frappe Chocolate Chip (Small),530,23.0,76,1.0,8,0.135
McD,drink,Cold Drinks,Frappe Chocolate Chip (Medium),630,26.0,91,1.0,9,0.16
McD,drink,Cold Drinks,Frappe Chocolate Chip (Large),760,31.0,111,1.0,12,0.2
McD,drink,Cold Drinks,Blueberry Pomegranate Smoothie (Small),220,0.5,50,3.0,2,0.04
McD,drink,Cold Drinks,Blueberry Pomegranate Smoothie (Medium),260,1.0,62,4.0,3,0.05
McD,drink,Cold Drinks,Blueberry Pomegranate Smoothie (Large),340,1.0,79,5.0,4,0.065
McD,drink,Cold Drinks,Strawberry Banana Smoothie (Small),210,0.5,47,3.0,3,0.05
McD,drink,Cold Drinks,Strawberry Banana Smoothie (Medium),250,1.0,58,3.0,4,0.06
McD,drink,Cold Drinks,Strawberry Banana Smoothie (Large),330,1.0,74,4.0,5,0.08
McD,drink,Cold Drinks,Mango Pineapple Smoothie (Small),210,0.5,50,1.0,2,0.04
McD,drink,Cold Drinks,Mango Pineapple Smoothie (Medium),260,1.0,61,1.0,3,0.045
McD,drink,Cold Drinks,Mango Pineapple Smoothie (Large),340,1.0,78,2.0,4,0.06
McD,drink,Cold Drinks,Vanilla Shake (Small),530,15.0,86,0.0,11,0.16
McD,drink,Cold Drinks,Vanilla Shake (Medium),660,19.0,109,0.0,14,0.2
McD,drink,Cold Drinks,Vanilla Shake (Large),820,23.0,135,0.0,18,0.26
McD,drink,Cold Drinks,Strawberry Shake (Small),550,16.0,90,0.0,12,0.16
McD,drink,Cold Drinks,Strawberry Shake (Medium),690,20.0,114,0.0,15,0.21
McD,drink,Cold Drinks,Strawberry Shake (Large),850,24.0,140,0.0,18,0.26
McD,drink,Cold Drinks,Chocolate Shake (Small),560,16.0,91,1.0,12,0.24
McD,drink,Cold Drinks,Chocolate Shake (Medium),700,20.0,114,2.0,15,0.3
McD,drink,Cold Drinks,Chocolate Shake (Large),850,23.0,141,2.0,19,0.38
McD,drink,Cold Drinks,Shamrock Shake (Medium),660,19.0,109,0.0,14,0.21
McD,drink,Cold Drinks,Shamrock Shake (Large),820,23.0,135,0.0,18,0.26
